key,topic,subtopic,expected_category,source_id,publisher,url,retrieval_date,license_status,attribution,token_count,chunk_sha256
CP-DIFF-001,chest_pain,intro,,mlp-chestpain,"MedlinePlus, National Library of Medicine",https://medlineplus.gov/chestpain.html,2026-09-15,green,"Source: MedlinePlus, National Library of Medicine",147,8edf798984f440c9
CP-ACS-001,chest_pain,heart-attack-symptoms,red,nhlbi-ha-symptoms,"National Heart, Lung, and Blood Institute, NIH",https://www.nhlbi.nih.gov/health/heart-attack/symptoms,2026-09-15,green,"Source: NHLBI, National Institutes of Health",92,93f57cf431475951
CP-ACS-002,chest_pain,silent-heart-attacks,red,nhlbi-ha-symptoms,"National Heart, Lung, and Blood Institute, NIH",https://www.nhlbi.nih.gov/health/heart-attack/symptoms,2026-09-15,green,"Source: NHLBI, National Institutes of Health",42,4de597a5f3944b03
CP-ACS-003,chest_pain,what-are-the-symptoms-of-a-heart-attack,red,nhlbi-ha-symptoms,"National Heart, Lung, and Blood Institute, NIH",https://www.nhlbi.nih.gov/health/heart-attack/symptoms,2026-09-15,green,"Source: NHLBI, National Institutes of Health",162,88acecb121195678
CP-ACS-004,chest_pain,when-to-call-9-1-1,red,nhlbi-ha-symptoms,"National Heart, Lung, and Blood Institute, NIH",https://www.nhlbi.nih.gov/health/heart-attack/symptoms,2026-09-15,green,"Source: NHLBI, National Institutes of Health",199,1449ed51174ace86
CP-ACS-005,chest_pain,when-to-call-9-1-1,red,nhlbi-ha-symptoms,"National Heart, Lung, and Blood Institute, NIH",https://www.nhlbi.nih.gov/health/heart-attack/symptoms,2026-09-15,green,"Source: NHLBI, National Institutes of Health",85,734124e20b512951
CP-ANG-001,chest_pain,coronary-heart-disease-symptoms,yellow,nhlbi-chd-symptoms,"National Heart, Lung, and Blood Institute, NIH",https://www.nhlbi.nih.gov/health/coronary-heart-disease/symptoms,2026-09-15,green,"Source: NHLBI, National Institutes of Health",187,c21501a2b8300b1a
CP-ANG-002,chest_pain,angina-chest-pain-what-is-angina,yellow,nhlbi-angina,"National Heart, Lung, and Blood Institute, NIH",https://www.nhlbi.nih.gov/health/angina,2026-09-15,green,"Source: NHLBI, National Institutes of Health",231,2d0f474b6ebe7dd9
CP-PE-001,chest_pain,venous-thromboembolism-symptoms,red,nhlbi-vte,"National Heart, Lung, and Blood Institute, NIH",https://www.nhlbi.nih.gov/health/venous-thromboembolism/symptoms,2026-09-15,green,"Source: NHLBI, National Institutes of Health",180,86f76f423faefe37
CP-PE-002,chest_pain,what-raises-the-likelihood-of-vte,red,nhlbi-vte-causes,"National Heart, Lung, and Blood Institute, NIH",https://www.nhlbi.nih.gov/health/venous-thromboembolism/causes,2026-09-15,green,"Source: NHLBI, National Institutes of Health",32,a7398d791437c357
CP-PE-003,chest_pain,not-moving-for-long-periods-of-time,red,nhlbi-vte-causes,"National Heart, Lung, and Blood Institute, NIH",https://www.nhlbi.nih.gov/health/venous-thromboembolism/causes,2026-09-15,green,"Source: NHLBI, National Institutes of Health",149,d9c297b9a18b0db5
CP-PE-004,chest_pain,medical-conditions,red,nhlbi-vte-causes,"National Heart, Lung, and Blood Institute, NIH",https://www.nhlbi.nih.gov/health/venous-thromboembolism/causes,2026-09-15,green,"Source: NHLBI, National Institutes of Health",163,a2248ecd83db6a54
CP-PNA-001,chest_pain,pneumonia-symptoms,yellow,nhlbi-pneumonia,"National Heart, Lung, and Blood Institute, NIH",https://www.nhlbi.nih.gov/health/pneumonia/symptoms,2026-09-15,green,"Source: NHLBI, National Institutes of Health",228,7d0ae543e1723b33
CP-GERD-001,chest_pain,what-are-the-symptoms-of-ger-and-gerd,green,niddk-gerd,"National Institute of Diabetes and Digestive and Kidney Diseases, NIH",https://www.niddk.nih.gov/health-information/digestive-diseases/acid-reflux-ger-gerd-adults/symptoms-causes,2026-09-15,green,"Source: NIDDK, National Institutes of Health",216,aa44788a09fbf6d4
CP-GERD-002,chest_pain,what-are-the-symptoms-of-ger-and-gerd,green,niddk-gerd,"National Institute of Diabetes and Digestive and Kidney Diseases, NIH",https://www.niddk.nih.gov/health-information/digestive-diseases/acid-reflux-ger-gerd-adults/symptoms-causes,2026-09-15,green,"Source: NIDDK, National Institutes of Health",71,b37569cebb523a6f
CP-GERD-003,chest_pain,what-causes-ger-and-gerd,green,niddk-gerd,"National Institute of Diabetes and Digestive and Kidney Diseases, NIH",https://www.niddk.nih.gov/health-information/digestive-diseases/acid-reflux-ger-gerd-adults/symptoms-causes,2026-09-15,green,"Source: NIDDK, National Institutes of Health",180,f4d14ff2fd1d7452
CP-PANIC-001,chest_pain,what-is-panic-disorder,green,nimh-panic,"National Institute of Mental Health, NIH",https://www.nimh.nih.gov/health/publications/panic-disorder-when-fear-overwhelms,2026-09-15,green,"Source: NIMH, National Institutes of Health",185,7ea283becea86abf
CP-PANIC-002,chest_pain,what-are-the-signs-and-symptoms-of-panic-disorder,green,nimh-panic,"National Institute of Mental Health, NIH",https://www.nimh.nih.gov/health/publications/panic-disorder-when-fear-overwhelms,2026-09-15,green,"Source: NIMH, National Institutes of Health",154,90d8737a6e29003c
CP-PANIC-003,chest_pain,what-is-the-difference-between-a-panic-attack-and-panic-diso,green,nimh-panic,"National Institute of Mental Health, NIH",https://www.nimh.nih.gov/health/publications/panic-disorder-when-fear-overwhelms,2026-09-15,green,"Source: NIMH, National Institutes of Health",69,4013c01478257b0d
